{
	"info": {
		"_postman_id": "8b58c198-c1d9-4ad7-a02f-88b2f2988757",
		"name": "WAA lab1",
		"schema": "https://schema.getpostman.com/json/collection/v2.1.0/collection.json",
		"_exporter_id": "31266719"
	},
	"item": [
		{
			"name": "get all posts",
			"request": {
				"method": "GET",
				"header": [],
				"url": {
					"raw": "http://localhost:8080/api/v1/posts",
					"protocol": "http",
					"host": [
						"localhost"
					],
					"port": "8080",
					"path": [
						"api",
						"v1",
						"posts"
					]
				}
			},
			"response": []
		},
		{
			"name": "get post by id",
			"request": {
				"method": "GET",
				"header": [],
				"url": {
					"raw": "http://localhost:8080/api/v1/posts/1",
					"protocol": "http",
					"host": [
						"localhost"
					],
					"port": "8080",
					"path": [
						"api",
						"v1",
						"posts",
						"1"
					]
				}
			},
			"response": []
		},
		{
			"name": "Save new post",
			"request": {
				"method": "POST",
				"header": [],
				"body": {
					"mode": "raw",
					"raw": "{\n    \"id\": 4,\n    \"title\": \"Post 3\",\n    \"content\": \"content 3\",\n    \"author\": \"Arinda Ethan\"\n}",
					"options": {
						"raw": {
							"language": "json"
						}
					}
				},
				"url": {
					"raw": "http://localhost:8080/api/v1/posts",
					"protocol": "http",
					"host": [
						"localhost"
					],
					"port": "8080",
					"path": [
						"api",
						"v1",
						"posts"
					]
				}
			},
			"response": []
		},
		{
			"name": "update a post by id",
			"request": {
				"method": "PUT",
				"header": [],
				"body": {
					"mode": "raw",
					"raw": "{\n        \"id\": 1,\n        \"title\": \"Post One\",\n        \"content\": \"content One\",\n        \"author\": \"Arinda Hillary\"\n    }",
					"options": {
						"raw": {
							"language": "json"
						}
					}
				},
				"url": {
					"raw": "http://localhost:8080/api/v1/posts/1",
					"protocol": "http",
					"host": [
						"localhost"
					],
					"port": "8080",
					"path": [
						"api",
						"v1",
						"posts",
						"1"
					]
				}
			},
			"response": []
		},
		{
			"name": "delete post by id",
			"request": {
				"method": "DELETE",
				"header": [],
				"url": {
					"raw": "http://localhost:8080/api/v1/posts/5",
					"protocol": "http",
					"host": [
						"localhost"
					],
					"port": "8080",
					"path": [
						"api",
						"v1",
						"posts",
						"5"
					]
				}
			},
			"response": []
		},
		{
			"name": "filter by text",
			"request": {
				"method": "GET",
				"header": [],
				"url": {
					"raw": "http://localhost:8080/api/v1/posts/filter?text=ll",
					"protocol": "http",
					"host": [
						"localhost"
					],
					"port": "8080",
					"path": [
						"api",
						"v1",
						"posts",
						"filter"
					],
					"query": [
						{
							"key": "text",
							"value": "ll"
						}
					]
				}
			},
			"response": []
		}
	]
}